{
  "tests": [
    {
      "name": "test1",
      "setup": "javac *.java",
      "run": "java -cp . PotatoHunter",
      "input": "5\r\n6\r\n******\r\n*--*-*\r\n******\r\n*----*\r\n******\r\n3\r\n2 2\r\n2 5\r\n4 3",
      "output": "6\r\n4\r\n10",
      "comparison": "exact",
      "timeout": 10,
      "points": null
    },
    {
      "name": "test2",
      "setup": "javac *.java",
      "run": "java -cp . PotatoHunter",
      "input": "4\r\n4\r\n****\r\n*..*\r\n*.**\r\n****\r\n1\r\n3 2",
      "output": "8",
      "comparison": "exact",
      "timeout": 10,
      "points": null
    }
  ]
}