{
  "tests": [
    {
      "name": "HW1 #0",
      "setup": "javac *.java",
      "run": "java -cp . Main",
      "input": "",
      "output": "Playlist is empty!\r\n------------------------\r\n                      One                   U2\r\n                Two Of Us          The Beatles\r\n       Three Little Birds           Bob Marley\r\n        The Four Horsemen            Metallica\r\n------------------------\r\n                      505       Arctic Monkeys\r\n                      One                   U2\r\n                Two Of Us          The Beatles\r\n       Three Little Birds           Bob Marley\r\n           Six Feet Under           The Weeknd\r\n        The Four Horsemen            Metallica\r\n------------------------\r\n                      505       Arctic Monkeys\r\n                      One                   U2\r\n       Three Little Birds           Bob Marley\r\n------------------------\r\n                      505       Arctic Monkeys\r\n                      One                   U2\r\n       Three Little Birds           Bob Marley\r\n                Two Of Us          The Beatles\r\n           Six Feet Under           The Weeknd\r\n------------------------\r\n                      One                   U2\r\n                      505       Arctic Monkeys\r\n       Three Little Birds           Bob Marley\r\n                Two Of Us          The Beatles\r\n           Six Feet Under           The Weeknd\r\n------------------------\r\n                Two Of Us          The Beatles\r\n       Three Little Birds           Bob Marley\r\n                      505       Arctic Monkeys\r\n                      One                   U2\r\n           Six Feet Under           The Weeknd\r\n------------------------\r\n                Two Of Us          The Beatles\r\n       Three Little Birds           Bob Marley\r\n                      505       Arctic Monkeys\r\n           Six Feet Under           The Weeknd\r\n                      One                   U2\r\n------------------------\r\n      Song to Say Goodbye              Placebo\r\n------------------------\r\nPlaylist is empty!\r\n------------------------\r\n      Song to Say Goodbye              Placebo",
      "comparison": "exact",
      "timeout": 10,
      "points": null
    }
  ]
}